<?xml version="1.0" encoding="UTF-8"?><rss version="2.0"
	xmlns:content="http://purl.org/rss/1.0/modules/content/"
	xmlns:wfw="http://wellformedweb.org/CommentAPI/"
	xmlns:dc="http://purl.org/dc/elements/1.1/"
	xmlns:atom="http://www.w3.org/2005/Atom"
	xmlns:sy="http://purl.org/rss/1.0/modules/syndication/"
	xmlns:slash="http://purl.org/rss/1.0/modules/slash/"
	>

<channel>
	<title>dono &#8211; dono</title>
	<atom:link href="/author/dono/feed/" rel="self" type="application/rss+xml" />
	<link></link>
	<description>Restaurante de lo mas top</description>
	<lastBuildDate>Fri, 20 Aug 2021 08:52:22 +0000</lastBuildDate>
	<language>es</language>
	<sy:updatePeriod>
	hourly	</sy:updatePeriod>
	<sy:updateFrequency>
	1	</sy:updateFrequency>
	<generator>https://wordpress.org/?v=5.8.1</generator>
	<item>
		<title>¡Hola, mundo!</title>
		<link>/hola-mundo/</link>
					<comments>/hola-mundo/#comments</comments>
		
		<dc:creator><![CDATA[dono]]></dc:creator>
		<pubDate>Fri, 20 Aug 2021 08:52:22 +0000</pubDate>
				<category><![CDATA[Sin categoría]]></category>
		<guid isPermaLink="false">/?p=1</guid>

					<description><![CDATA[Bienvenido a WordPress. Esta es tu primera entrada. Edítala o bórrala, ¡luego empieza a escribir!]]></description>
		
					<wfw:commentRss>/hola-mundo/feed/</wfw:commentRss>
			<slash:comments>1</slash:comments>
		
		
			</item>
	</channel>
</rss>
